time_window,comparison,mean_diff,cohens_d,p_value
5,honeybee vs hoverfly,-2.595552236328936,-0.9466424134216628,0.04404892228739103
5,honeybee vs moth / butterfly,-1.2183214670981655,-0.44598442185611475,0.07056106896261277
5,hoverfly vs moth / butterfly,1.3772307692307706,0.3887517111616959,0.30851496721036303
10,honeybee vs hoverfly,-2.3831198320551814,-0.8825718499246628,0.023299377736767934
10,honeybee vs moth / butterfly,-1.6647597607539333,-0.6125085413402178,0.02150041662311415
10,hoverfly vs moth / butterfly,0.7183600713012481,0.18281658904136572,0.5436341269871459
20,honeybee vs hoverfly,-0.9173192771084331,-0.304587344372595,0.25103881793369043
20,honeybee vs moth / butterfly,-1.3933355372710352,-0.4588072047089021,0.05330060801278809
20,hoverfly vs moth / butterfly,-0.4760162601626021,-0.11243925191575686,0.6500073320245653
60,honeybee vs hoverfly,-1.1856758409785924,-0.35524507972682,0.08572758205540032
60,honeybee vs moth / butterfly,-0.767898063200815,-0.22950123239508255,0.2401989576612999
60,hoverfly vs moth / butterfly,0.41777777777777736,0.10003047045389842,0.6532635597155791
